No Self Issue,Commodity,Power Unit,Trailer,Allow Jeep,Allow Booster,LMN - Width,LMN - Height,LMN - Length,KTN - Width,KTN - Height,KTN - Length,PCE - Width,PCE - Height,PCE - Length,BCD - Width,BCD - Height,BCD - Length,ORBC FP,ORBC RP,"Policy Ref"
,"Auto Carrier, Campers And Boats (Stinger Steered Transporters Only)",Truck Tractors - Stinger Steered,Semi-Trailers - Stinger Steered Automobile Transporters,,,,4.3,25,,4.3,25,,4.88,25,,4.4,25,1,1.2,4.2.7.A.1/4.2.7.B.A/ 5.3.11
,Bridge Beams,Truck Tractors,Pole Trailers,X,,,,31,,,31,,,31,,,31,3,6.5,4.5.5
,Bridge Beams,Truck Tractors,Semi-Trailers,,,,,31,,,31,,,31,,,31,3,6.5,4.2.7.A.13
,Bridge Beams,Truck Tractors,Steering Dolly,,,,,36,,,36,,,36,,,36,3,6.5,5.3.12.F
,Brushcutters (Peace Only),Truck Tractors,Semi-Trailers,,,,,,,,,4.57,5.33,,,,,3,6.5,4.2.7.B.B
,Brushcutters (Peace Only),Truck Tractors,"Semi-Trailers - Single Drop, Double Drop, Step Decks, Lowbed, Expandos, etc.",X,X,,,,,,,4.57,5.33,,,,,3,6.5,4.2.7.B.B
,Brushcutters (Peace Only),Trucks,None,,,,,,,,,4.57,5.33,,,,,,,4.2.7.B.B
,Brushcutters (Peace Only),Trucks,Pony Trailers,,,,,,,,,3.8,5.33,,,,,,,4.2.7.B.B/5.3.12.G
,Doglogger/Sjostrum Trailers (decked),Truck Tractors,None,,,,,13.5,,,13.5,,,13.5,,,13.5,,5,4.2.7.A.13
,Empty,Truck Tractors,Logging Trailer - Overwidth Bunks,,,3.2,,,3.2,,,3.2,,,3.2,,,0,0,5.3.5.B
,Empty,Picker Truck Tractors,Oil and Gas - Oversize Oilfield Flat Deck Semi-Trailers,X,X,3.2,4.15,23,3.2,4.15,23,3.2,4.15,23,3.2,4.15,23,3,6.5,5.3.8.B.
X,Empty,Picker Truck Tractors,Platform Trailers,X,X,3.2,4.15,27.5,3.2,4.15,27.5,3.2,4.15,27.5,3.2,4.15,27.5,,,
,Empty,Picker Truck Tractors,Semi-Trailers - Hiboys/Expandos,X,X,,4.15,,,4.15,,,4.15,27.5,,4.15,25,3,6.5,5.3.9.A./5.3.9.B.
X,Empty,Picker Truck Tractors,Semi-Trailers - Wheelers,X,X,3.2,4.15,27.5,3.2,4.15,27.5,3.2,4.15,27.5,3.2,4.15,27.5,,,
X,Empty,Picker Truck Tractors,Semi-Trailers - Wide Wheelers,X,X,3.2,4.15,27.5,3.2,4.15,27.5,3.2,4.15,27.5,3.2,4.15,27.5,,,
,Empty,Picker Truck,Pony Trailers,,,2.6,4.15,23,2.6,4.15,23,2.6,4.15,23,2.6,4.15,23,,,5.3.9.A
X,Empty,Truck Tractors,Platform Trailers,X,X,3.2,4.15,27.5,3.2,4.15,27.5,3.2,4.15,27.5,3.2,4.15,27.5,,,
,Empty,Truck Tractors,Semi-Trailers - Hiboys/Expandos,X,X,,4.15,31,,,31,,,31,,,31,3,6.5,5.3.12.C.
,Empty,Truck Tractors,Semi-Trailers - Hiboys/Flat Decks,X,X,,4.15,27.5,,,27.5,,,27.5,,,27.5,3,6.5,5.3.12.B.
,Empty,Truck Tractors,"Semi-Trailers - Single Drop, Double Drop, Step Decks, Lowbed, Expandos, etc.",X,X,3.2,4.15,31,3.2,,31,3.2,,31,3.2,,31,3,6.5,5.3.12.A.
X,Empty,Truck Tractors,Semi-Trailers - Wheelers,X,X,3.2,4.15,27.5,3.2,4.88,27.5,3.2,5.33,27.5,3.2,4.88,27.5,,,
X,Empty,Truck Tractors,Semi-Trailers - Wide Wheelers,X,X,3.2,4.15,27.5,3.2,4.88,27.5,3.2,5.33,27.5,3.2,4.88,27.5,,,
,Fixed Equipment,Truck Tractors,Fixed Equipment - Conveyors (Semi-Trailers),X,X,3.8,4.72,,3.8,4.72,,3.8,5.33,,3.8,4.72,,4,9.5,5.3.4.F.
,Fixed Equipment,Truck Tractors,Fixed Equipment - Counter Flow Asphalt Drum Mixers,X,X,3.8,4.72,,3.8,4.72,,3.8,5.33,,3.8,4.72,,3,6.5,5.3.4.D.
,Fixed Equipment,Truck Tractors,Fixed Equipment - Portable Asphalt Baghouses,X,X,4.26,4.72,,4.26,4.72,,4.26,5.33,,4.26,4.72,,3,6.5,5.3.4.E.
,Fixed Equipment,Truck Tractors,Fixed Equipment - Semi-Trailers,X,X,3.8,4.72,,3.8,4.72,,3.8,5.33,,3.8,4.72,,3,6.5,5.3.4.A.
X,Fixed Equipment,Truck Tractors,Fixed Equipment - Wheeler Semi-Trailers,X,X,3.8,4.72,,3.8,4.72,,3.8,5.33,,3.8,4.72,,3,6.5,5.3.4.B.
,Fixed Equipment,Trucks,Fixed Equipment - Conveyors (Pony Trailers),,,3.2,4.3,,3.2,4.3,,3.2,4.3,,3.2,4.3,,4,9.5,5.3.4.F.
,Fixed Equipment,Trucks,Fixed Equipment - Counter Flow Asphalt Drum Mixers,,,3.8,4.72,,3.8,4.72,,3.8,5.33,,3.8,4.72,,3,6.5,5.3.4.D.
,Fixed Equipment,Trucks,Fixed Equipment - Pony Trailers,,,3.2,4.3,,3.2,4.3,,3.2,4.3,,3.2,4.3,,,4,5.3.4.C.
,Fixed Equipment,Trucks,Fixed Equipment - Portable Asphalt Baghouses,,,4.26,4.72,,4.26,4.72,,4.26,4.72,,4.26,4.72,,3,6.5,5.3.4.E.
,Garbage Bins,Trucks,Full Trailers,,,,,,,,,,,,,,,3,6.5,4.2.7.A.7
,Garbage Bins,Trucks,None,,,,,,,,,,,,,,,3,6.5,4.2.7.A.7
,Garbage Bins,Trucks,Pony Trailers,,,,,,,,,,,,,,,3,6.5,4.2.7.A.7
,"Grader, Tractor Blades, Buckets",Fixed Equipment - Trucks/Graders etc.,None,,,4.4,,,4.4,,,4.4,,,4.4,,,,,4.2.7.B.C
,Hay Bales (Round) Peace River Only,Truck Tractors,Semi-Trailers - A-Trains and C-Trains,,,3.5,4.3,26,3.5,4.3,26,3.84,4.8,26,3.5,4.3,26,,,4.2.7.A.8/4.4.2
,Hay Bales (Round) Peace River Only,Truck Tractors,Semi-Trailers - B-Trains,,,3.5,4.3,,3.5,4.3,,3.84,4.8,,3.5,4.3,,,,4.2.7.A.8/4.4.2
,Hay Bales (Round) Peace River Only,Truck Tractors,Semi-Trailers - Hiboys/Flat Decks,X,X,3.5,4.3,,3.5,4.3,,3.84,4.8,,3.5,4.3,,3,6.5,4.2.7.A.8/4.4.2
,Hay Bales (Round) Peace River Only,Truck Tractors,"Semi-Trailers - Single Drop, Double Drop, Step Decks, Lowbed, Expandos, etc.",X,X,3.5,4.3,,3.5,4.3,,3.84,4.8,,3.5,4.3,,3,6.5,4.2.7.A.8/4.4.2
,Hay Bales (Round) Peace River Only,Trucks,Full Trailers,,,3.5,4.3,,3.5,4.3,,3.84,4.8,,3.5,4.3,,,4,4.2.7.A.8/4.4.2
,Hay Bales (Round) Peace River Only,Trucks,None,,,3.5,4.3,,3.5,4.3,,3.84,4.8,,3.5,4.3,,,,4.2.7.A.8/4.4.2
,Hay Bales (Round) Peace River Only,Trucks,Pony Trailers,,,3.5,4.3,,3.5,4.3,,3.84,4.8,,3.5,4.3,,,4,4.2.7.A.8/4.4.2
,Hay Bales Large Rectangular,Truck Tractors,Semi-Trailers - A-Trains and C-Trains,,,3.05,4.3,26,3.05,4.3,26,3.05,4.8,26,3.05,4.3,26,,,4.2.7.A.8/4.4.1
,Hay Bales Large Rectangular,Truck Tractors,Semi-Trailers - B-Trains,,,3.05,4.3,27.5,3.05,4.3,27.5,3.05,4.8,27.5,3.05,4.3,27.5,,,4.2.7.A.8/4.4.1
,Hay Bales Large Rectangular,Truck Tractors,Semi-Trailers - Hiboys/Flat Decks,X,X,3.05,4.3,,3.05,4.3,,3.05,4.8,,3.05,4.4,,3,6.5,4.2.7.A.8/4.4.1
,Hay Bales Large Rectangular,Truck Tractors,"Semi-Trailers - Single Drop, Double Drop, Step Decks, Lowbed, Expandos, etc.",X,X,3.05,4.3,,3.05,4.3,,3.05,4.8,,3.05,4.3,,3,6.5,4.2.7.A.8/4.4.1
,Hay Bales Large Rectangular,Trucks,Full Trailers,,,3.05,4.3,,3.05,4.3,,3.05,4.8,,3.05,4.3,,,4,4.2.7.A.8/4.4.1
,Hay Bales Large Rectangular,Trucks,None,,,3.05,4.3,,3.05,4.3,,3.05,4.8,,3.05,4.3,,,,4.2.7.A.8/4.4.1
,Hay Bales Large Rectangular,Trucks,Pony Trailers,,,3.05,4.3,,3.05,4.3,,3.05,4.8,,3.05,4.3,,,4,4.2.7.A.8/4.4.1
,Hay Bales Round,Truck Tractors,Semi-Trailers - A-Trains and C-Trains,,,3.5,4.3,26,3.5,4.3,26,3.84,4.8,26,3.5,4.3,26,,,4.2.7.A.8/4.4.2
,Hay Bales Round,Truck Tractors,Semi-Trailers - B-Trains,,,3.5,4.3,27.5,3.5,4.3,27.5,3.84,4.8,27.5,3.5,4.3,27.5,,,4.2.7.A.8/4.4.2
,Hay Bales Round,Truck Tractors,Semi-Trailers - Hiboys/Flat Decks,X,X,3.5,4.3,,3.5,4.3,,3.84,4.8,,3.5,4.3,,3,6.5,4.2.7.A.8/4.4.2
,Hay Bales Round,Truck Tractors,"Semi-Trailers - Single Drop, Double Drop, Step Decks, Lowbed, Expandos, etc.",X,X,3.5,4.3,,3.5,4.3,,3.84,4.8,,3.5,4.3,,3,6.5,4.2.7.A.8/4.4.2
,Hay Bales Round,Trucks,Full Trailers,,,3.5,4.3,,3.5,4.3,,3.84,4.8,,3.5,4.3,,,4,4.2.7.A.8/4.4.2
,Hay Bales Round,Trucks,None,,,3.5,4.3,,3.5,4.3,,3.84,4.8,,3.5,4.3,,,,4.2.7.A.8/4.4.2
,Hay Bales Round,Trucks,Pony Trailers,,,3.5,4.3,,3.5,4.3,,3.84,4.8,,3.5,4.3,,,4,4.2.7.A.8/4.4.2
,Hay Bales Small Rectangular,Truck Tractors,Semi-Trailers - A-Trains and C-Trains,,,3.05,4.3,26,3.05,4.3,26,3.05,4.8,26,3.05,4.3,26,,,4.2.7.A.8/4.4.1
,Hay Bales Small Rectangular,Truck Tractors,Semi-Trailers - B-Trains,,,3.05,4.3,27.5,3.05,4.3,27.5,3.05,4.8,27.5,3.05,4.3,27.5,,,4.2.7.A.8/4.4.1
,Hay Bales Small Rectangular,Truck Tractors,Semi-Trailers - Hiboys/Flat Decks,X,X,3.05,4.3,,3.05,4.3,,3.05,4.8,,3.05,4.3,,3,6.5,4.2.7.A.8/4.4.1
,Hay Bales Small Rectangular,Truck Tractors,"Semi-Trailers - Single Drop, Double Drop, Step Decks, Lowbed, Expandos, etc.",X,X,3.05,4.3,,3.05,4.3,,3.05,4.8,,3.05,4.3,,3,6.5,4.2.7.A.8/4.4.1
,Hay Bales Small Rectangular,Trucks,Full Trailers,,,3.05,4.3,,3.05,4.3,,3.05,4.8,,3.05,4.3,,,4,4.2.7.A.8/4.4.1
,Hay Bales Small Rectangular,Trucks,None,,,3.05,4.3,,3.05,4.3,,3.05,4.8,,3.05,4.3,,,,4.2.7.A.8/4.4.1
,Hay Bales Small Rectangular,Trucks,Pony Trailers,,,3.05,4.3,,3.05,4.3,,3.05,4.8,,3.05,4.3,,,4,4.2.7.A.8/4.4.1
,Hayrack Semi-Trailer with a Folded Chassis/Empty Piggyback,Truck Tractors,Semi-Trailers - Logging,,,,,,,,,,,,,,,,5,4.5.6.E.
,Intermodal Containers,Truck Tractors,Semi-Trailers - A-Trains and C-Trains,,,,4.4,26,,4.4,26,,4.4,26,,4.4,26,,,4.2.7.A.9
,Intermodal Containers,Truck Tractors,Semi-Trailers - B-Trains,,,,4.4,27.5,,4.4,27.5,,4.4,27.5,,4.4,27.5,,,4.2.7.A.9
,Intermodal Containers,Truck Tractors,Semi-Trailers - Hiboys/Flat Decks,X,X,,4.4,,,4.4,,,4.4,,,4.4,,,,4.2.7.A.9
,Intermodal Containers,Trucks,None,,,,4.4,,,4.4,,,4.4,,,4.4,,,,4.2.7.A.9
,Intermodal Containers without Sides,Truck Tractors,"Semi-Trailers - Single Drop, Double Drop, Step Decks, Lowbed, Expandos, etc.",X,X,4.4,4.72,,4.4,4.72,,4.4,4.72,,4.4,4.72,,,,4.2.7.10/4.2.7.B.D.
,Laminated Beams,Truck Tractors,Pole Trailers,X,X,,,40,,,40,,,40,,,40,3,6.5,4.5.3
,Laminated Beams,Truck Tractors,Semi-Trailers - Hiboys/Expandos,X,X,,,31,,,31,,,31,,,31,3,6.5,4.5.3
X,"Logs, Poles And Boomsticks (Over 20.1)",Truck Tractors,"Logging Trailer - Full Trailers, Tri Axle, Quad Axle",,,,,40,,,40,,,40,,,40,10,10,4.5.2
X,"Logs, Poles And Boomsticks (Over 20.1)",Truck Tractors,Pole Trailers,X,X,,,40,,,40,,,40,,,40,8,9,4.5.2
,"Logs, Poles And Boomsticks (Over 20.1)",Truck Tractors,Steering Trailers - Manned,X,X,,,40,,,40,,,40,,,40,10,10,5.3.12.F
,"Logs, Poles And Boomsticks (Over 20.1)",Truck Tractors,Steering Trailers - Self/Remote,X,X,,,36,,,36,,,36,,,36,10,10,5.3.12.F
,"Logs, Poles And Boomsticks (Up To 20.1)",Truck Tractors,Full Trailers,,,2.9,,27.5,2.9,,27.5,2.9,,27.5,2.9,,27.5,3,6.5,4.5.1
,"Logs, Poles And Boomsticks (Up To 20.1)",Truck Tractors,Legacy Logging Trailer Combinations,,,2.6,,25,2.6,,25,2.6,,25,2.6,,25,3,5,5.3.7.C.
,"Logs, Poles And Boomsticks (Up To 20.1)",Truck Tractors,Pole Trailers,X,,2.9,,27.5,2.9,,27.5,2.9,,27.5,2.9,,27.5,3,6.5,4.5.1
,"Logs, Poles And Boomsticks (Up To 20.1)",Truck Tractors,Semi-Trailers - A-Trains and C-Trains,,,2.9,,26,2.9,,26,2.9,,26,2.9,,26,3,6.5,4.5.1
,"Logs, Poles And Boomsticks (Up To 20.1)",Truck Tractors,Semi-Trailers - B-Trains,,,2.9,,27.5,2.9,,27.5,2.9,,27.5,2.9,,27.5,3,6.5,4.5.1
,"Logs, Poles And Boomsticks (Up To 20.1)",Truck Tractors,Semi-Trailers - Hiboys/Flat Decks,,,2.9,,25,2.9,,25,2.9,,25,2.9,,25,3,6.5,4.5.1
,"Logs, Poles And Boomsticks (Up To 20.1)",Truck Tractors,Semi-Trailers - Logging,,,2.9,,25,2.9,,25,2.9,,25,2.9,,25,3,6.5,4.5.1
X,"Manufactured Homes, Modular Buildings, Structures and Houseboats (<= 5.0 m OAW)",Truck Tractors,Semi-Trailers,X,X,,4.88,,,4.88,,,5.33,36,,4.88,31.5,3.0,7.5,4.3.5
X,"Manufactured Homes, Modular Buildings, Structures and Houseboats (<= 5.0 m OAW)",Truck Tractors,"Semi-Trailers - Single Drop, Double Drop, Step Decks, Lowbed, Expandos, etc.",X,X,,4.88,,,4.88,,,5.33,36,,4.88,31.5,3.0,7.5,4.3.5
X,"Manufactured Homes, Modular Buildings, Structures and Houseboats (<= 5.0 m OAW)",Trucks,Dollies,,,,4.88,,,4.88,,,5.33,36,,4.88,31.5,1,6.9,4.3
X,"Manufactured Homes, Modular Buildings, Structures and Houseboats (<= 5.0 m OAW)",Trucks,Float Trailers,,,,4.57,,,4.57,,,5.33,36,,4.57,31.5,1,6.9,4.3.5.F
X,"Manufactured Homes, Modular Buildings, Structures and Houseboats (<= 5.0 m OAW)",Trucks,Pony Trailers,,,,4.88,,,4.88,,,5.33,36,,4.88,31.5,1,6.9,4.3
X,"Manufactured Homes, Modular Buildings, Structures and Houseboats (> 5.0 m OAW)",Truck Tractors,Semi-Trailers,X,X,,4.88,,,4.88,,,5.33,36,,4.88,31.5,3.0,7.5,4.3.5
X,"Manufactured Homes, Modular Buildings, Structures and Houseboats (> 5.0 m OAW)",Truck Tractors,"Semi-Trailers - Single Drop, Double Drop, Step Decks, Lowbed, Expandos, etc.",X,X,,4.88,,,4.88,,,5.33,36,,4.88,31.5,3.0,7.5,4.3.5
X,"Manufactured Homes, Modular Buildings, Structures and Houseboats (> 5.0 m OAW)",Trucks,Dollies,,,,4.88,,,4.88,,,5.33,36,,4.88,31.5,1,6.9,4.3
X,"Manufactured Homes, Modular Buildings, Structures and Houseboats (> 5.0 m OAW)",Trucks,Float Trailers,,,,4.57,,,4.57,,,5.33,36,,4.57,31.5,1,6.9,4.3.5.F
X,"Manufactured Homes, Modular Buildings, Structures and Houseboats (> 5.0 m OAW)",Trucks,Pony Trailers,,,,4.88,,,4.88,,,5.33,36,,4.88,31.5,1,6.9,4.3
,None,Concrete Pumper Trucks,None,,X,,,15.5,,,15.5,,,15.5,,,15.5,3,6.5,5.3.2.A.
,None,"Cranes, Rubber-Tired Loaders, Firetrucks - All Terrain",Dollies,,,3.8,4.3,25,3.8,4.3,25,3.8,4.3,25,3.8,4.3,25,10,6.5,5.3.3.B.
,None,"Cranes, Rubber-Tired Loaders, Firetrucks - All Terrain",None,,,3.8,4.3,14,3.8,4.3,14,3.8,4.3,15,3.8,4.3,14,10,6.5,5.3.3.B.
,None,"Cranes, Rubber-Tired Loaders, Firetrucks - Mobile",Dollies,,,3.8,4.3,25,3.8,4.3,25,3.8,4.3,25,3.8,4.3,25,10,6.5,5.3.3.A.
,None,"Cranes, Rubber-Tired Loaders, Firetrucks - Mobile",None,,,3.8,4.3,14,3.8,4.3,14,3.8,4.3,15,3.8,4.3,14,10,6.5,5.3.3.A.
,None,Double Decker Buses,None,,,,4.3,,,4.3,,,4.3,,,4.42,,,,5.3.1.A
,None,Fixed Equipment - Trucks/Graders etc.,Fixed Equipment - Pony Trailers,,,3.2,4.3,31,3.2,4.3,31,3.2,4.3,31,3.2,4.3,31,,4,
X,None,Fixed Equipment - Trucks/Graders etc.,None,,,3.5,4.3,,3.5,4.3,,3.5,5.33,,3.5,4.4,12.5,,,5.3.4.G.
X,None,Inter-City Bus (Pulling Pony Trailer),Pony Trailers,,,,,,,,,,,,,,,,,5.3.1.B
,None,Logging Trucks - Off-Highway,Semi-Trailers - Logging,,,4.4,,,4.4,,,4.4,,,4.4,,,3,6.5,5.3.5.A.
X,None,Long Combination Vehicles (LCV) - Rocky Mountain Doubles,Semi-Trailers,,,,,32,,,32,,,31,,,32,,,5.3.6.D.
,None,Long Combination Vehicles (LCV) - Turnpike Doubles,Semi-Trailers,,,,,41,,,41,,,41,,,41,,,5.3.6.D.
X,None,Long Wheelbase Truck Tractors Exceeding 6.2 m up to 7.25 m,Semi-Trailers,X,X,,,,,,,,,,2.6,4.15,23,,,5.3.7.A.
,None,Picker Truck Tractors,None,,,,,16,,,16,,,16,2.6,4.15,16,3,,5.3.9
,None,Picker Truck Tractors,Semi-Trailers with Crane,X,X,,,25,,,25,,,25,2.6,4.15,25,3,6.5,5.3.9
,None,Picker Truck Tractors,Steering Trailers - Manned,X,X,5,4.88,40,5,4.88,40,5,5.33,40,5,4.88,40,,,
,None,Picker Truck Tractors,Steering Trailers - Self/Remote,X,X,5,4.88,36,5,4.88,36,5,5.33,36,5,4.88,36,,,
,None,Scrapers,None,,,,,,,,,,,,,,12.5,,,5.3.10.A.1)
,None,Truck Tractors,Fixed Equipment - Conveyors (Semi-Trailers),X,X,3.8,4.72,31,3.8,4.72,31,3.8,5.33,31,3.8,4.72,31,4,9.5,
,None,Truck Tractors,Fixed Equipment - Counter Flow Asphalt Drum Mixers,X,X,3.8,4.72,31,3.8,4.72,31,3.8,5.33,31,3.8,4.72,31,3,6.5,
X,None,Truck Tractors,Fixed Equipment - Portable Asphalt Baghouses,X,X,4.26,4.72,31,4.26,4.72,31,4.26,5.33,31,4.26,4.72,31,3,6.5,
X,None,Truck Tractors,Fixed Equipment - Semi-Trailers,X,X,3.8,4.72,31,3.8,4.72,31,3.8,5.33,31,3.8,4.72,31,3,6.5,
,None,Truck Tractors,Fixed Equipment - Wheeler Semi-Trailers,X,X,5,4.88,31,5,4.88,31,5,5.33,31,5,4.88,31,,,
X,None,Truck Tractors,Overdimensional Trailers and Semi-Trailers (For Export),,,3.65,,,3.65,,,3.65,,,3.65,,,,,5.3.12.D.
,None,Truck Tractors,Ready Mix Concrete Pump Semi-Trailers,X,X,,,,,,,,,,,,,3,6.5,5.3.2.B.
,None,Truck Tractors,Semi-Trailers - Hiboys/Flat Decks,X,X,,4.3,,,4.3,,,5.33,,,4.3,31,3,6.5,5.3.12.B.
,None,Truck Tractors,Semi-Trailers - Insulated Vans with Reefer/Refrigeration Units,,,,4.3,,,4.3,,,4.3,,,4.3,,,,5.3.12.H.
,None,Truck Tractors,Semi-Trailers - Non-Tac Short Chassis,,,,,,,,,,,,,,,,,5.3.7.D.
,None,Truck Tractors,"Semi-Trailers - Single Drop, Double Drop, Step Decks, Lowbed, Expandos, etc.",X,X,3.2,4.3,27.5,3.2,4.3,27.5,3.2,4.3,32,3.2,4.3,27.5,3,6.5,5.3.12.A.
,None,Truck Tractors,Steering Trailers - Manned,X,X,,,40,,,40,,,40,,4.15,40,,,5.3.12.F.ii)
,None,Truck Tractors,Steering Trailers - Self/Remote,X,X,,,36,,,36,,,36,,,36,,,5.3.12.F.i)
,None,Trucks,Fixed Equipment - Conveyors (Pony Trailers),,,3.2,4.3,31,3.2,4.3,31,3.2,4.3,31,3.2,4.3,31,4,9.5,
,None,Trucks,Fixed Equipment - Pony Trailers,,,3.2,4.3,31,3.2,4.3,31,3.2,4.3,31,3.2,4.3,31,,4,
,None,Trucks,Full Trailers ,,,3.8,4.3,,3.8,4.3,,3.8,5.33,,3.8,4.3,,,6.5,5.3.12.G.
,None,Trucks,"Manufactured Homes, Modular Buildings, Structures and Houseboats (<= 5.0 m OAW) with Attached Axles",,,,4.88,,,4.88,,,5.33,36,,4.88,31.5,1,6.9,"4.3.5.A, 4.3.5.B, 4.3.5.C"
,None,Trucks,"Manufactured Homes, Modular Buildings, Structures and Houseboats (> 5.0 m OAW) with Attached Axles",,,,4.88,,,4.88,,,5.33,36,,4.88,31.5,1,6.9,"4.3.5.D, 4.3.5.E"
,None,Trucks,None,,,3.2,4.3,16,3.2,4.3,16,3.2,4.4,16,3.2,4.3,16,1,6.5,
,None,Trucks,Overdimensional Trailers and Semi-Trailers (For Export),,,3.65,,,3.65,,,3.65,,,3.65,,,,,5.3.12.D.
,None,Trucks,Park Model Homes with Attached Axles,,,4.4,4.88,31.5,4.4,4.88,31.5,4.4,5.33,31.5,4.4,4.88,31.5,3.0,6.9,4.3.4
,None,Trucks,Pony Trailers,,,3.2,4.3,,3.2,4.3,,3.2,5.33,,3.2,4.3,,,6.5,5.3.12.G.
,None,Trucks Equipped with Front or Underbody Plow Blades,None,,,3.2,,,3.2,,,3.2,,,3.2,,,,,5.3.13
X,Non-Reducible Loads,Truck Tractors,Semi-Trailers - Logging,,,3.8,4.15,27.5,3.8,4.15,27.5,3.8,4.15,27.5,3.8,4.15,27.5,,,5.3.9.A./5.3.9.B.
X,Non-Reducible Loads,Picker Truck Tractors,Oil and Gas - Oversize Oilfield Flat Deck Semi-Trailers,X,X,3.3,4.3,23,3.3,4.3,23,3.3,4.3,23,3.3,4.3,23,3,6.5,5.3.8.B.
,Non-Reducible Loads,Picker Truck Tractors,Semi-Trailers,X,X,5,4.88,25,5,4.88,25,5,5.33,25,5,4.88,25,3,,5.3.9.A./5.3.9.B.
,Non-Reducible Loads,Picker Truck Tractors,Semi-Trailers - Hiboys/Expandos,X,X,5,4.4,25,5,4.4,25,5,5.33,25,5,4.4,25,3,,5.3.9.A./5.3.9.B.
,Non-Reducible Loads,Picker Truck Tractors,Semi-Trailers - Hiboys/Flat Decks,X,X,5,4.4,25,5,4.4,25,5,5.33,25,5,4.4,25,3,,5.3.9.A./5.3.9.B.
X,Non-Reducible Loads,Picker Truck Tractors,"Semi-Trailers - Single Drop, Double Drop, Step Decks, Lowbed, Expandos, etc.",X,X,5,4.88,25,5,4.88,25,5,5.33,25,5,4.88,25,3,,5.3.9.A./5.3.9.B.
,Non-Reducible Loads,Picker Truck Tractors,Semi-Trailers - Steering Trailers,X,X,5,4.88,27.5,5,4.88,27.5,5,5.33,27.5,5,4.88,27.5,,,
X,Non-Reducible Loads,Picker Truck Tractors,Semi-Trailers - Wheelers,X,X,5,4.88,27.5,5,4.88,27.5,5,5.33,27.5,5,4.88,27.5,,,
,Non-Reducible Loads,Picker Truck Tractors,Semi-Trailers - Wide Wheelers,X,X,5,4.88,27.5,5,4.88,27.5,5,5.33,27.5,5,4.88,27.5,,,
,Non-Reducible Loads,Picker Truck Tractors,Semi-Trailers with Crane,X,X,5,4.88,27.5,5,4.88,27.5,5,5.33,27.5,5,4.88,27.5,,,
,Non-Reducible Loads,Picker Truck Tractors,Steering Trailers - Manned,X,X,5,4.88,40,5,4.88,40,5,5.33,40,5,4.88,40,,,
,Non-Reducible Loads,Picker Truck Tractors,Steering Trailers - Self/Remote,X,X,5,4.88,36,5,4.88,36,5,5.33,36,5,4.88,36,,,
X,Non-Reducible Loads,Truck Tractors,Platform Trailers,X,X,5,4.88,27.5,5,4.88,27.5,5,5.33,27.5,5,4.88,27.5,,,4.2.4/4.2.5i)/4.2.6
,Non-Reducible Loads,Truck Tractors,Semi-Trailers,X,X,5,4.88,27.5,5,4.88,27.5,5,5.33,27.5,5,4.88,27.5,,,4.2.4/4.2.5i)/4.2.6
,Non-Reducible Loads,Truck Tractors,Semi-Trailers - A-Trains and C-Trains,,,5,4.4,26,5,4.4,26,5,5.33,26,5,4.4,26,,,4.2.4/4.2.5i)/4.2.6
,Non-Reducible Loads,Truck Tractors,Semi-Trailers - B-Trains,,,5,4.4,27.5,5,4.4,27.5,5,5.33,27.5,5,4.4,27.5,,,4.2.4/4.2.5i)/4.2.6
,Non-Reducible Loads,Truck Tractors,Semi-Trailers - Hiboys/Expandos,X,X,5,4.4,27.5,5,4.4,27.5,5,5.33,27.5,5,4.4,27.5,,,4.2.4/4.2.5i)/4.2.6
,Non-Reducible Loads,Truck Tractors,Semi-Trailers - Hiboys/Flat Decks,X,X,5,4.4,27.5,5,4.4,27.5,5,5.33,27.5,5,4.4,27.5,,,4.2.4/4.2.5i)/4.2.6
,Non-Reducible Loads,Truck Tractors,"Semi-Trailers - Single Drop, Double Drop, Step Decks, Lowbed, Expandos, etc.",X,X,5,4.88,27.5,5,4.88,27.5,5,5.33,27.5,5,4.88,27.5,,,4.2.4/4.2.5i)/4.2.6
X,Non-Reducible Loads,Truck Tractors,Semi-Trailers - Steering Trailers,X,X,5,4.88,27.5,5,4.88,27.5,5,5.33,27.5,5,4.88,27.5,,,4.2.4/4.2.5i)/4.2.6
,Non-Reducible Loads,Truck Tractors,Semi-Trailers - Wheelers,X,X,5,4.88,27.5,5,4.88,27.5,5,5.33,27.5,5,4.88,27.5,,,4.2.4/4.2.5i)/4.2.6
,Non-Reducible Loads,Truck Tractors,Semi-Trailers - Wide Wheelers,X,X,5,4.88,27.5,5,4.88,27.5,5,5.33,27.5,5,4.88,27.5,,,4.2.4/4.2.5i)/4.2.6
,Non-Reducible Loads,Truck Tractors,Semi-Trailers with Crane,X,X,5,4.88,27.5,5,4.88,27.5,5,5.33,27.5,5,4.88,27.5,,,4.2.4/4.2.5i)/4.2.6
,Non-Reducible Loads,Truck Tractors,Steering Trailers - Manned,X,X,5,4.88,40,5,4.88,40,5,5.33,40,5,4.88,40,,,4.2.4/4.2.5i)/4.2.6
,Non-Reducible Loads,Truck Tractors,Steering Trailers - Self/Remote,X,X,5,4.88,36,5,4.88,36,5,5.33,36,5,4.88,36,,,4.2.4/4.2.5i)/4.2.6
X,Non-Reducible Loads,Truck Tractors - Stinger Steered,Semi-Trailers,,,,4.88,25,,4.88,25,,5.33,25,,4.88,25,1,1.2,4.2.7.A.2/4.2.7.B.B/ 5.3.11
,Non-Reducible Loads,Truck Tractors - Stinger Steered,Semi-Trailers - Stinger Steered Automobile Transporters,,,,4.88,25,,4.88,25,,5.33,25,,4.88,25,1,1.2,4.2.7.A.2/4.2.7.B.B/ 5.3.11
,Non-Reducible Loads,Trucks,Dollies,,,5,4.88,25,5,4.88,25,5,5.33,25,5,4.88,25,1,6.5,4.2.7.A.2/4.2.7.B.B/ 5.3.11
,Non-Reducible Loads,Trucks,Full Trailers,,,5,4.88,25,5,4.88,25,5,5.33,25,5,4.88,25,1,6.5,4.2.7.B.G
,Non-Reducible Loads,Trucks,None,,,5,4.88,16,5,4.88,16,5,5.33,16,5,4.88,16,1,6.5,4.2.7.B.G
,Non-Reducible Loads,Trucks,Pony Trailers,,,5,4.88,25,5,4.88,25,5,5.33,25,5,4.88,25,1,6.5,4.2.7.B.G
,Oil Field Equipment,Oil and Gas - Bed Trucks,Expando Semi-Trailers,X,X,,4.3,27.5,,4.3,27.5,,4.3,27.5,,4.3,27.5,3,6.5,5.3.8.C.
,Oil Field Equipment,Oil and Gas - Bed Trucks,None,,,3.3,4.3,14,3.3,4.3,14,3.3,4.3,14,3.3,4.3,14,,5,5.3.8.A.i)/ii)
,Oil Field Equipment,Oil and Gas - Bed Trucks,Oil and Gas - Oversize Oilfield Flat Deck Semi-Trailers,X,X,3.3,4.3,23,3.3,4.3,23,3.3,4.3,23,3.3,4.3,23,3,6.5,5.3.8.B.
,Oil Field Equipment,Oil and Gas - Oilfield Sows,None,,,3.2,4.3,15,3.2,4.3,15,3.2,4.3,15,3.2,4.3,15,,5,5.3.8.D.
,Oil Field Equipment,Oil and Gas - Oilfield Sows,Semi-Trailers - Hiboys/Flat Decks,X,X,3.2,4.3,25,3.2,4.3,25,3.2,4.3,25,3.2,4.3,25,3,6.5,5.3.8.E.
,Oil Field Equipment,Oil and Gas - Service Rigs,None,,,3.8,4.3,15,3.8,4.3,15,3.8,4.3,15,3.8,4.3,15,10,6.5,5.3.8.F.
,Oil Field Equipment,Oil and Gas - Service Rigs,Pony Trailers,,,3.8,4.3,23,3.8,4.3,23,3.8,4.3,23,3.8,4.3,23,10,6.5,5.3.8.F.i)
x,Oil Field Equipment,"Oil and Gas - Service Rigs and Rathole Augers Only Equipped with Heavy Front Projected Crane (must exceed 14,000 kg tare weight)",None,,,2.9,4.15,15.5,2.9,4.15,15.5,2.9,4.15,15.5,2.9,4.15,15.5,10,6.5,5.3.8.F.
x,Oil Field Equipment,"Oil and Gas - Service Rigs and Rathole Augers Only Equipped with Heavy Front Projected Crane (must exceed 14,000 kg tare weight)",Pony Trailers,,,2.9,4.15,23,2.9,4.15,23,2.9,4.15,23,2.9,4.15,23,10,6.5,5.3.8.F.i)
,Oil Field Equipment,Truck Tractors,Oil and Gas - Oversize Oilfield Flat Deck Semi-Trailers,X,X,3.3,4.3,23,3.3,4.3,23,3.3,4.3,23,3.3,4.3,23,3,6.5,5.3.8.B.
,Park Model Homes,Trucks,Dollies,,,4.4,4.88,31.5,4.4,4.88,31.5,4.4,5.33,31.5,4.4,4.88,31.5,3.0,6.9,4.3.4
,Park Model Homes,Trucks,Float Trailers,,,4.4,4.88,31.5,4.4,4.88,31.5,4.4,5.33,31.5,4.4,4.88,31.5,3.0,6.9,4.3.4
,Park Model Homes,Trucks,Pony Trailers,,,4.4,4.88,31.5,4.4,4.88,31.5,4.4,5.33,31.5,4.4,4.88,31.5,3.0,6.9,4.3.4
,"Pipe And Steel Products (Rebar, Pilings, Reinforcing Steel, Etc.)",Truck Tractors,Semi-Trailers - Hiboys/Expandos,X,X,3.2,4.3,31,3.2,4.3,31,3.2,4.3,31,3.2,4.3,31,3,6.5,4.2.5.A.ii)/4.2.7.A.14
,"Pipe And Steel Products (Rebar, Pilings, Reinforcing Steel, Etc.)",Truck Tractors,Semi-Trailers - Hiboys/Flat Decks,X,X,3.2,4.3,27.5,3.2,4.3,27.5,3.2,4.3,27.5,3.2,4.3,27.5,3,6.5,4.2.5.A.ii)
,"Pipe And Steel Products (Rebar, Pilings, Reinforcing Steel, Etc.)",Truck Tractors,Semi-Trailers - Steering Trailers,X,X,3.2,4.3,36,3.2,4.3,36,3.2,4.3,36,3.2,4.3,36,3,6.5,4.2.7.B.H
X,"Pipe And Steel Products (Rebar, Pilings, Reinforcing Steel, Etc.)",Truck Tractors,Steering Trailers - Manned,X,X,3.2,4.3,40,3.2,4.3,40,3.2,4.3,40,3.2,4.3,40,3,6.5,4.2.7.B.H
,Reducible Loads,Truck Tractors,Semi-Trailers - Logging,,,3.2,4.15,27.5,3.2,4.15,27.5,3.2,4.15,27.5,3.2,4.15,27.5,,,4.2.4/4.2.5i)/4.2.6
,Reducible Loads,Picker Truck Tractors,Semi-Trailers,X,X,3.2,4.3,27.5,3.2,4.3,27.5,3.2,5.33,27.5,3.2,4.3,27.5,3,,4.2.4/4.2.5i)/4.2.6
,Reducible Loads,Picker Truck Tractors,Semi-Trailers - Hiboys/Expandos,X,X,3.2,4.3,27.5,3.2,4.3,27.5,3.2,5.33,27.5,3.2,4.3,27.5,3,,4.2.4/4.2.5i)/4.2.6
,Reducible Loads,Picker Truck Tractors,Semi-Trailers - Hiboys/Flat Decks,X,X,3.2,4.3,27.5,3.2,4.3,27.5,3.2,5.33,27.5,3.2,4.3,27.5,3,,4.2.4/4.2.5i)/4.2.6
,Reducible Loads,Picker Truck Tractors,"Semi-Trailers - Single Drop, Double Drop, Step Decks, Lowbed, Expandos, etc.",X,X,3.2,4.3,27.5,3.2,4.3,27.5,3.2,5.33,27.5,3.2,4.3,27.5,3,,4.2.4/4.2.5i)/4.2.6
X,Reducible Loads,Truck Tractors,Platform Trailers,X,X,3.2,4.3,27.5,3.2,4.3,27.5,3.2,5.33,27.5,3.2,4.3,27.5,,,4.2.4/4.2.5i)/4.2.6
,Reducible Loads,Truck Tractors,Semi-Trailers,X,X,3.2,4.3,27.5,3.2,4.3,27.5,3.2,5.33,27.5,3.2,4.3,27.5,,,4.2.4/4.2.5i)/4.2.6
,Reducible Loads,Truck Tractors,Semi-Trailers - A-Trains and C-Trains,,,3.2,4.3,26,3.2,4.3,26,3.2,5.33,26,3.2,4.3,26,,,4.2.4/4.2.5i)/4.2.6
,Reducible Loads,Truck Tractors,Semi-Trailers - B-Trains,,,3.2,4.3,27.5,3.2,4.3,27.5,3.2,5.33,27.5,3.2,4.3,27.5,,,4.2.4/4.2.5i)/4.2.6
,Reducible Loads,Truck Tractors,Semi-Trailers - Hiboys/Expandos,X,X,3.2,4.3,27.5,3.2,4.3,27.5,3.2,5.33,27.5,3.2,4.3,27.5,,,4.2.4/4.2.5i)/4.2.6
,Reducible Loads,Truck Tractors,Semi-Trailers - Hiboys/Flat Decks,X,X,3.2,4.3,27.5,3.2,4.3,27.5,3.2,5.33,27.5,3.2,4.3,27.5,,,4.2.4/4.2.5i)/4.2.6
,Reducible Loads,Truck Tractors,"Semi-Trailers - Single Drop, Double Drop, Step Decks, Lowbed, Expandos, etc.",X,X,3.2,4.3,27.5,3.2,4.3,27.5,3.2,5.33,27.5,3.2,4.3,27.5,,,4.2.4/4.2.5i)/4.2.6
,Reducible Loads,Truck Tractors,Semi-Trailers - Steering Trailers,X,X,3.2,4.3,27.5,3.2,4.3,27.5,3.2,5.33,27.5,3.2,4.3,27.5,,,4.2.4/4.2.5i)/4.2.6
X,Reducible Loads,Truck Tractors,Semi-Trailers - Wheelers,X,X,3.2,4.3,27.5,3.2,4.3,27.5,3.2,5.33,27.5,3.2,4.3,27.5,,,4.2.4/4.2.5i)/4.2.6
X,Reducible Loads,Truck Tractors,Semi-Trailers - Wide Wheelers,X,X,3.2,4.3,27.5,3.2,4.3,27.5,3.2,5.33,27.5,3.2,4.3,27.5,,,4.2.4/4.2.5i)/4.2.6
,Reducible Loads,Truck Tractors,Semi-Trailers with Crane,X,X,3.2,4.3,27.5,3.2,4.3,27.5,3.2,5.33,27.5,3.2,4.3,27.5,,,4.2.4/4.2.5i)/4.2.6
X,Reducible Loads,Truck Tractors,Steering Trailers - Manned,X,X,3.2,4.3,40,3.2,4.3,40,3.2,5.33,40,3.2,4.3,40,,,4.2.4/4.2.5i)/4.2.6
,Reducible Loads,Truck Tractors,Steering Trailers - Self/Remote,X,X,3.2,4.3,36,3.2,4.3,36,3.2,5.33,36,3.2,4.3,36,,,4.2.4/4.2.5i)/4.2.6
,Reducible Loads,Truck Tractors - Stinger Steered,Semi-Trailers,,,,4.3,25,,4.3,25,,5.33,25,,4.3,25,1,1.2,4.2.4/4.2.5i)/4.2.6
,Reducible Loads,Truck Tractors - Stinger Steered,Semi-Trailers - Stinger Steered Automobile Transporters,,,,4.3,25,,4.3,25,,5.33,25,,4.3,25,1,1.2,4.2.4/4.2.5i)/4.2.6
,Reducible Loads,Trucks,Dollies,,,3.2,4.3,25,3.2,4.3,25,3.2,4.4,25,3.2,4.3,25,1,6.5,4.2.4/4.2.5i)/4.2.6
,Reducible Loads,Trucks,Full Trailers,,,3.2,4.3,25,3.2,4.3,25,3.2,4.4,25,3.2,4.3,25,1,6.5,4.2.4/4.2.5i)/4.2.6
,Reducible Loads,Trucks,None,,,3.2,4.3,16,3.2,4.3,16,3.2,4.4,16,3.2,4.3,16,1,6.5,4.2.4/4.2.5i)/4.2.6
,Reducible Loads,Trucks,Pony Trailers,,,3.2,4.3,25,3.2,4.3,25,3.2,4.4,25,3.2,4.3,25,1,6.5,4.2.4/4.2.5i)/4.2.6
X,Scraper on Dollies,Truck Tractors,Dollies,X,,3.2,4.3,25,3.2,4.3,25,3.2,4.4,25,3.2,4.3,25,,,5.3.10.B.
,Tandem Jeep/Pole Trailer Loaded on Logging Truck,Truck Tractors,None,,,2.9,4.3,,2.9,4.3,,2.9,4.3,,2.9,4.3,,,5,4.2.7.A.6/4.5.6.C.
,Tandem Jeep/Pole Trailer Loaded on Logging Truck,Trucks,None,,,2.9,4.3,,2.9,4.3,,2.9,4.3,,2.9,4.3,,,5,4.2.7.A.6/4.5.6.C.
,Tow Trucks And Disabled Vehicles,Tow Vehicles,None,,,,4.3,27.5,,4.3,27.5,,4.3,27.5,,4.3,27.5,,,5.3.14
,Tri-Axle or Quad Axle Full Trailer Loaded on Logging Truck,Truck Tractors,None,,,,4.3,13.5,,4.3,13.5,,4.3,13.5,,4.3,13.5,,5,4.2.7.A.6/4.5.6.D.
,Tri-Axle or Quad Axle Full Trailer Loaded on Logging Truck,Trucks,None,,,,4.3,13.5,,4.3,13.5,,4.3,13.5,,4.3,13.5,,5,4.2.7.A.6/4.5.6.D.
,"Wood Chips, Residuals",Truck Tractors,Semi-Trailers - B-Trains,,,,4.45,27.5,,4.45,27.5,,4.45,27.5,,4.45,27.5,,,4.2.7.A.16/4.5.4
